<?xml version="1.0" encoding="utf-8" ?>
<dwsync>
<file name="dashboard-module.gif" server="D:/wamp/www/CMS_demo/" local="129460259400000000" remote="129460259400000000" />
<file name="header-bg.gif" server="D:/wamp/www/CMS_demo/" local="129460259400000000" remote="129460259400000000" />
<file name="nav-left-bg.png" server="D:/wamp/www/CMS_demo/" local="129460259400000000" remote="129460259400000000" />
<file name="submenu-bg.gif" server="D:/wamp/www/CMS_demo/" local="129460259400000000" remote="129460259400000000" />
<file name="table-hd.png" server="D:/wamp/www/CMS_demo/" local="129985505600000000" remote="129985505600000000" />
<file name="button.jpg" server="D:/wamp/www/CMS_demo/" local="129460259400000000" remote="129460259400000000" />
<file name="actionback.gif" server="D:/wamp/www/CMS_demo/" local="129460259400000000" remote="129460259400000000" />
<file name="login-box.png" server="D:/wamp/www/CMS_demo/" local="129089601360000000" remote="129089601360000000" />
<file name="loginbuttons.jpg" server="D:/wamp/www/CMS_demo/" local="129460259400000000" remote="129460259400000000" />
<file name="resetbuttons.jpg" server="D:/wamp/www/CMS_demo/" local="129460259400000000" remote="129460259400000000" />
<file name="forgotpassword.jpg" server="D:/wamp/www/CMS_demo/" local="129460259400000000" remote="129460259400000000" />
<file name="loading.gif" server="D:/wamp/www/CMS_demo/" local="129460259400000000" remote="129460259400000000" />
<file name="menu_back.jpg" server="D:/wamp/www/CMS_demo/" local="129460259400000000" remote="129460259400000000" />
<file name="menu_back_hover.jpg" server="D:/wamp/www/CMS_demo/" local="129460259400000000" remote="129460259400000000" />
<file name="arrow_down.png" server="D:/wamp/www/CMS_demo/" local="129984924540000000" remote="129984924540000000" />
<file name="arrow_up.png" server="D:/wamp/www/CMS_demo/" local="129984923200000000" remote="129984923200000000" />
</dwsync>